Model,Time_Sec
Whisper-Turbo,0.6927777777777778
Faster-Whisper-V3,1.4388888888888889
Whisper-v3,1.5283333333333333
