Model,en,mix,ru
Faster-Whisper-V3,0.07748333333333333,0.375,0.05786666666666667
Whisper-Turbo,0.25555,0.28611666666666663,0.05786666666666667
Whisper-v3,0.05185000000000001,0.3527833333333333,0.07638333333333334
